Name,Role,Relationship,Location,Status,Introduced_By,Priority,Contact_Method,Notes,Last_Contact,Next_Action
Gilbert,Dad's cousin / builder connection,Family,Simon,St Andrew,v close,Rob,Critical,WhatsApp / in-person,Trusts him; has built his own house overlooking Levera,2025-05-18,Get Phase 0 renovation quote
Alice,Caretaker,Long-term family staff,Simon nearby,Warm established,Parents,High,In-person,Knows the house inside out; husband also involved,2025-05-18,Clarify role post-renovation
Alice's husband,Caretaker,Long-term family staff,Simon nearby,Warm established,Alice,High,In-person,Often does maintenance works,2025-05-18,Clarify role post-renovation
Police-officer neighbour,Neighbour / local intel,Supportive returnee,Simon opposite,Reliable,Family,Medium,In-person / WhatsApp,UK returnee; pleased to see family return,Unknown,Introduce self on arrival
UK-returnee neighbours,Neighbours,Supportive,Next door,Pleased,Family,Medium,In-person,May have local knowledge and contacts,Unknown,Introduce self on arrival
Cousins,Family / "big local characters",Family,~2 villages away,Need reconnection,Parents,Medium,In-person,Well-connected locally; important for legitimacy,Unknown,Visit within first week
Tenants,Current occupants,Ending tenancy,The Land,Tension expected,Parents,High,Through family liaison,Behind on peppercorn rent; Dad wrote off collection; transition needs care,Unknown,Formal handover / notice
Grenada Tourism Authority,FOffices / tourism licensing,Official,St George's,TBC,None,Medium,Email / in-person visit,Need to determine if tourism licence required for 4-bed rental,Unknown,Schedule informal meeting
TBD Builder,Trades,To be engaged,Simon,Pending,Gilbert,Critical,Through Gilbert,Gilbert's trusted builder; will quote Phase 0,Unknown,Await quote via Gilbert
